sku,price
992500,"84,87"
265109,"1105,77"
839010,"232,47"
595541,"47,97"
231296,"33,21"
976326,"261,99"
815786,"1597,77"
812679,"1044,27"
812761,"1659,27"
812952,"2212,77"
812969,"2335,77"
513071,"146,37"
786369,"75,03"
786376,"115,62"
786383,"158,67"
786307,"17,22"
786352,"44,28"
786321,"35,67"
786338,"54,12"
707814,"158,67"
239186,"71,34"
470930,"134,07"
290934,"17218,77"
290965,"13528,77"
810255,"687,57"
970300,"933,57"
810262,"1056,57"
970522,"441,57"
810163,"1167,27"
810170,"1388,67"
970515,"1191,87"
810279,"1659,27"
810293,"1327,17"
970508,"380,07"
238905,"613,77"
201107,"736,77"
201206,"1474,77"
201466,"2520,27"
238912,"650,67"
238967,"724,47"
689851,"72,57"
689868,"88,56"
808801,"343,17"
890387,"244,77"
808238,"293,97"
808856,"207,87"
943380,"72,57"
617083,"27,06"
617106,"33,21"
617205,"35,67"
617304,"36,90"
617403,"38,13"
617410,"44,28"
617427,"55,35"
617434,"68,88"
617069,"20,91"
617076,"24,60"
617090,"29,52"
617489,"99,63"
617885,"30,75"
617892,"34,44"
617908,"35,67"
617915,"39,36"
617922,"41,82"
617939,"44,28"
617946,"45,51"
617953,"61,50"
617960,"73,80"
617977,"98,40"
617984,"110,70"
617991,"158,67"
808276,"109,47"
616901,"54,12"
616918,"60,27"
616925,"60,27"
616932,"63,96"
616949,"84,87"
808207,"115,62"
808306,"97,17"
808405,"183,27"
808429,"170,97"
808313,"102,09"
808412,"170,97"
808214,"135,30"
808221,"244,77"
808863,"220,17"
808849,"244,77"
221570,"3135,27"
238097,"1105,77"
230718,"1056,57"
224205,"44,28"
230688,"1720,77"
230695,"1892,97"
232422,"1248,45"
2009422,"330,87"
1023328,"1351,77"
1023320,"958,17"
508503,"89,79"
508510,"93,48"
508527,"118,08"
564516,"54,12"
426487,"23,37"
274064,"9838,77"
274057,"9838,77"
770924,"29,52"
28891,"129,15"
201732,"12,30"
535219,"183,27"
639283,"44,28"
639290,"60,27"
639306,"78,72"
289976,"195,57"
563502,"19,68"
563557,"19,68"
563700,"20,91"
563755,"20,91"
542606,"54,12"
563632,"9,84"
563649,"9,84"
855522,"141,45"
855621,"72,57"
529003,"36,90"
529010,"36,90"
527108,"19,68"
527207,"23,37"
527306,"25,83"
540107,"33,21"
540305,"41,82"
540404,"51,66"
540503,"71,34"
540602,"78,72"
540701,"88,56"
617700,"41,82"
617717,"188,19"
617731,"46,74"
998953,"97,17"
270875,"170,97"
209073,"23368,77"
452400,"19,68"
452455,"24,60"
452202,"27,06"
452103,"41,82"
222546,"5292,69"
1180100,"5461,20"
1180120,"6919,98"
1180140,"8728,08"
221129,"613,77"
221136,"1474,77"
221143,"2458,77"
209936,"146,37"
209981,"134,07"
209998,"220,17"
209943,"207,87"
624302,"216,48"
560044,"24,60"
560105,"87,33"
588901,"21,06"
588918,"18,45"
588925,"12,30"
588932,"23,37"
588949,"31,98"
505472,"146,37"
505465,"170,97"
505489,"121,77"
505458,"158,67"
505441,"244,77"
505106,"41,82"
505205,"57,81"
826379,"111,93"
826386,"150,06"
826393,"183,27"
825518,"51,66"
825525,"51,66"
825532,"51,66"
825549,"51,66"
825556,"51,66"
825563,"51,66"
825570,"51,66"
825600,"158,67"
825617,"158,67"
825624,"158,67"
825631,"158,67"
825655,"158,67"
825648,"158,67"
825662,"158,67"
826003,"91,02"
826010,"91,02"
826027,"91,02"
826034,"91,02"
826058,"91,02"
826041,"91,02"
826065,"91,02"
826102,"44,28"
826119,"44,28"
826126,"44,28"
826133,"44,28"
826157,"44,28"
826140,"44,28"
826164,"44,28"
826805,"51,66"
826843,"51,66"
826812,"51,66"
826829,"51,66"
826836,"51,66"
826850,"51,66"
13998037,"50,07"
505502,"170,97"
826348,"22,14"
826355,"36,90"
826478,"23,37"
826485,"31,98"
505724,"97,17"
505731,"121,77"
505748,"146,37"
505755,"97,17"
505762,"121,77"
505779,"146,37"
826362,"66,42"
505533,"97,17"
616994,"349,32"
506387,"322,26"
500040,"127,92"
500057,"146,37"
505410,"121,77"
505427,"121,77"
505434,"134,07"
505397,"121,77"
505380,"170,97"
505168,"72,57"
505175,"97,17"
505182,"121,77"
505229,"84,87"
505236,"121,77"
505199,"97,17"
505212,"158,67"
505243,"109,47"
505250,"121,77"
505267,"195,57"
513866,"1150,05"
506912,"109,47"
506905,"220,17"
505007,"45,51"
505403,"99,63"
826171,"49,20"
505540,"60,27"
505557,"70,11"
505564,"77,49"
505571,"94,71"
505588,"134,07"
999943,"38,13"
963234,"244,77"
595534,"27,06"
598009,"30,75"
598207,"30,75"
598405,"30,75"
231142,"429,27"
235973,"343,17"
599006,"15,99"
599105,"15,99"
599204,"15,99"
599112,"43,05"
599198,"46,12"
199503,"115,62"
199480,"115,62"
199510,"115,62"
199466,"115,62"
199473,"115,62"
199534,"115,62"
199497,"115,62"
199527,"115,62"
664186,"29,52"
557600,"30,75"
452424,"30,75"
425343,"1351,77"
557402,"441,57"
462904,"54,12"
465370,"56,58"
425299,"478,47"
425190,"613,77"
425411,"961,86"
425428,"456,33"
425435,"910,20"
425206,"4057,77"
558096,"7,38"
558010,"4,92"
558027,"4,92"
558003,"4,92"
557815,"4,92"
557822,"5,54"
557808,"5,54"
557914,"6,76"
557921,"6,76"
557907,"6,76"
631201,"28,29"
631102,"28,29"
631300,"31,98"
558058,"12,30"
557853,"15,99"
557952,"31,98"
207390,"121,77"
53061,"33,21"
775837,"6,65"
933688,"576,87"
943489,"552,27"
799314,"108,24"
328620,"173,43"
787359,"28,29"
782484,"24,60"
782491,"30,75"
445907,"84,87"
782200,"35,67"
787366,"24,60"
453001,"43,05"
453100,"47,97"
453209,"72,57"
453308,"109,47"
453407,"121,77"
451052,"47,97"
451007,"40,59"
451106,"52,89"
425138,"104,55"
567906,"43,05"
785010,"60,27"
458211,"21,65"
451045,"97,17"
458198,"105,78"
451038,"55,35"
451502,"35,67"
451021,"89,79"
451519,"47,97"
451526,"60,27"
451533,"84,87"
799321,"55,35"
782224,"17,47"
787236,"18,82"
450208,"14,76"
450109,"14,76"
450307,"17,22"
450406,"19,68"
450505,"31,98"
449615,"84,87"
445853,"0,00"
445860,"0,00"
425121,"146,37"
425107,"121,77"
2509494,"982,77"
2509497,"2704,77"
595572,"23,98"
595008,"27,06"
428245,"332,10"
557969,"55,35"
557976,"84,87"
557983,"92,25"
808269,"170,97"
456514,"170,97"
208540,"11314,77"
208984,"5410,77"
208953,"6948,27"
208991,"8485,77"
207482,"27058,77"
208922,"10453,77"
208939,"13405,77"
207499,"13036,77"
207581,"14758,77"
207598,"7747,77"
207659,"9838,77"
207642,"8854,77"
211052,"1597,77"
208304,"1474,77"
208533,"872,07"
1033041,"490,77"
237915,"306,27"
205914,"2335,77"
209097,"429,27"
270882,"2458,77"
707821,"146,37"
707753,"153,75"
707760,"91,02"
707777,"88,56"
802014,"109,47"
707845,"220,17"
707784,"134,07"
779033,"34,97"
850206,"54,12"
850145,"49,20"
850152,"34,44"
850008,"20,91"
850015,"20,91"
850022,"20,91"
850039,"20,91"
850046,"20,91"
850053,"20,91"
850060,"20,91"
850077,"23,37"
850084,"23,37"
850091,"23,37"
850107,"23,37"
850114,"23,37"
850121,"23,37"
850138,"23,37"
975466,"11,81"
976814,"72,57"
556696,"84,87"
780602,"5,17"
786888,"5,56"
786673,"4,67"
799376,"19,68"
797952,"70,11"
799130,"4,74"
770900,"9,84"
770962,"14,76"
780527,"4,92"
797938,"136,53"
632802,"103,32"
238073,"736,77"
237793,"712,17"
237878,"478,47"
237885,"330,87"
237861,"995,07"
237892,"207,87"
238035,"2704,77"
238028,"7378,77"
208656,"170,97"
235928,"51,66"
871546,"44,28"
970720,"134,07"
282120,"220,17"
274101,"244,77"
274156,"2212,77"
274163,"2827,77"
999109,"60,27"
678190,"72,57"
689608,"30,75"
689806,"23,37"
688014,"61,50"
682104,"54,12"
682302,"60,27"
682401,"72,57"
679005,"78,72"
679043,"34,44"
679012,"39,36"
679050,"88,56"
679067,"47,97"
679029,"55,35"
679036,"35,67"
975541,"121,77"
975534,"121,77"
699069,"23,98"
673416,"72,57"
674413,"72,57"
673744,"21,52"
673751,"21,52"
673768,"55,35"
673782,"46,74"
673775,"56,58"
512166,"18,45"
512173,"23,37"
512227,"12,30"
512234,"13,53"
676288,"114,39"
676264,"111,93"
677001,"59,04"
677308,"59,04"
676905,"59,04"
677209,"60,27"
676509,"55,35"
677254,"158,67"
677230,"158,67"
677223,"183,27"
677247,"183,27"
677216,"170,97"
677261,"170,97"
205846,"1228,77"
205853,"1204,17"
205839,"1474,77"
205808,"589,17"
205815,"613,77"
205822,"736,77"
215029,"3688,77"
215012,"1720,77"
207307,"2335,77"
207208,"1167,27"
209202,"1228,77"
209301,"2458,77"
209424,"2089,77"
209431,"2227,53"
207369,"1610,07"
207376,"3073,77"
755204,"306,27"
755211,"306,27"
755228,"306,27"
572016,"72,57"
572115,"72,57"
572214,"70,11"
572313,"68,88"
572412,"63,96"
572511,"63,96"
572610,"66,42"
572719,"66,42"
759240,"158,67"
759257,"158,67"
759264,"158,67"
759233,"158,67"
755075,"232,47"
755372,"244,77"
755082,"232,47"
755099,"232,47"
755389,"244,77"
755396,"244,77"
755006,"232,47"
755013,"244,77"
755020,"244,77"
755037,"232,47"
755044,"244,77"
755051,"244,77"
755068,"244,77"
755105,"244,77"
755112,"244,77"
755143,"244,77"
755334,"257,07"
755341,"257,07"
755358,"257,07"
755365,"257,07"
755259,"281,67"
755273,"281,67"
1050215,"3355,44"
1050216,"3562,08"
625002,"84,87"
625057,"92,25"
625101,"105,78"
833100,"220,17"
625804,"60,27"
625705,"66,42"
836002,"97,17"
836019,"121,77"
836026,"158,67"
836033,"183,27"
836040,"293,97"
830000,"121,77"
830208,"152,52"
830406,"220,17"
830505,"269,37"
830604,"404,67"
831007,"140,22"
831205,"170,97"
831403,"244,77"
831502,"306,27"
831601,"404,67"
831700,"613,77"
832004,"146,37"
832202,"195,57"
832400,"244,77"
832509,"343,17"
832608,"490,77"
832707,"736,77"
832806,"933,57"
832929,"1105,77"
833025,"1351,77"
832820,"195,57"
832837,"281,67"
832844,"392,37"
832851,"527,67"
836101,"97,17"
836200,"121,77"
836309,"170,97"
836408,"220,17"
836507,"306,27"
834206,"404,67"
834404,"429,27"
834701,"527,67"
834909,"736,77"
835104,"872,07"
832882,"293,97"
832899,"367,77"
837108,"121,77"
837207,"158,67"
837306,"207,87"
837405,"343,17"
837603,"441,57"
626856,"158,67"
626832,"293,97"
626849,"330,87"
626825,"429,27"
86436,"88,56"
195789,"5533,77"
1002949,"207,87"
1013637,"281,67"
1002952,"207,87"
1023325,"318,57"
800164,"134,07"
212103,"1351,77"
212127,"1388,67"
212134,"1425,57"
212165,"1388,67"
212189,"1388,67"
212196,"1720,77"
212172,"859,77"
209707,"715,86"
274224,"9838,77"
274255,"7378,77"
976562,"103,32"
149508,"3774,87"
149621,"4303,77"
154908,"2704,77"
146002,"4303,77"
146804,"4426,77"
149607,"5336,97"
149614,"7452,57"
154717,"1474,77"
154700,"1105,77"
700044,"12277,86"
154878,"1413,27"
148105,"3043,02"
149591,"6724,41"
263662,"1228,77"
263655,"1228,77"
263624,"1720,77"
263907,"1597,77"
263808,"1610,07"
263709,"1536,27"
263501,"982,77"
263600,"995,07"
150801,"1499,37"
150603,"970,47"
809600,"293,97"
809709,"257,07"
592315028,"13,53"
812372,"22,14"
513538,"24,60"
513545,"23,37"
513552,"30,75"
513569,"35,67"
810330,"712,17"
222157,"552,27"
198247,"84,87"
198254,"121,77"
237922,"158,67"
221792,"0,00"
221761,"2335,77"
222645,"332,10"
1180060,"2361,60"
1180065,"2709,69"
782552,"18,57"
441367,"29,52"
441466,"44,28"
820667,"146,37"
820674,"158,67"
845134,"367,77"
596548,"38,13"
152706,"47,97"
152805,"72,57"
152904,"84,87"
426463,"23,37"
426470,"23,37"
425763,"55,35"
226018,"6148,77"
226001,"4500,57"
143087,"3934,77"
779286,"36,28"
73160,"11,24"
4755,"81,18"
72388,"118,08"
40375,"59,04"
65,"103,32"
00016,"103,32"
18223,"43,05"
877234,"1,23"
877265,"1,23"
877289,"1,21"
877296,"1,23"
265116,"1007,37"
265123,"97,17"
444023,"20,91"
880685,"9,96"
880869,"12,18"
505632,"982,77"
505618,"798,27"
505625,"958,17"
505694,"1105,77"
506011,"1413,27"
505656,"355,47"
505663,"490,77"
505144,"1142,67"
505687,"1019,67"
289952,"1769,97"
289969,"2212,77"
629291,"293,97"
860502,"576,87"
860557,"724,47"
860533,"724,47"
860526,"724,47"
860540,"724,47"
860083,"306,27"
629376,"306,27"
225967,"7132,77"
691403,"361,62"
691038,"441,57"
551240,"22,14"
551257,"22,14"
551226,"13,53"
551370,"13,53"
551387,"13,53"
551271,"15,99"
551394,"15,99"
551424,"15,99"
551431,"15,99"
551219,"13,53"
551325,"13,53"
551295,"13,53"
551332,"13,53"
551349,"13,53"
551356,"13,53"
551264,"15,99"
551363,"13,53"
551233,"13,53"
551288,"13,53"
229347,"392,37"
229408,"392,37"
229354,"392,37"
229361,"392,37"
229415,"392,37"
229378,"392,37"
229385,"392,37"
229392,"404,67"
229484,"392,37"
589106,"97,17"
551714,"47,97"
551110,"35,67"
551790,"54,12"
551615,"47,97"
551011,"35,67"
551691,"49,20"
551400,"84,87"
551592,"49,20"
551202,"29,52"
199657,"232,47"
199664,"392,37"
199978,"170,97"
595558,"14,76"
595589,"20,91"
598498,"7,75"
595565,"19,68"
552049,"25,83"
597507,"39,36"
594025,"23,37"
272046,"10263,12"
271575,"4008,57"
271353,"4672,77"
271773,"3565,77"
271780,"3750,27"
271292,"859,77"
271360,"11068,77"
271568,"1228,77"
271551,"1808,10"
426920,"84,87"
426999,"97,17"
426982,"27,06"
426685,"109,47"
426692,"60,27"
426715,"41,82"
426722,"35,67"
426746,"31,98"
426753,"72,57"
427149,"109,47"
427118,"84,87"
427125,"84,87"
427132,"115,62"
426555,"30,75"
426524,"107,01"
808818,"232,47"
877050,"87,33"
877043,"105,78"
877036,"104,55"
877029,"104,55"
877012,"105,78"
943465,"613,77"
943458,"479,70"
871331,"75,03"
871348,"75,03"
427231,"109,47"
427248,"158,67"
426517,"207,87"
877203,"72,57"
877111,"72,57"
815694,"29,52"
877104,"72,57"
691311,"84,87"
691335,"158,67"
691342,"207,87"
426562,"60,27"
426678,"97,17"
426661,"97,17"
691380,"211,56"
691397,"404,67"
877005,"72,57"
425817,"7,63"
425862,"18,20"
425879,"60,27"
425855,"46,74"
426418,"47,97"
427187,"89,79"
427088,"95,94"
427071,"97,17"
427095,"40,59"
561003,"60,27"
420706,"15,74"
426296,"40,59"
426319,"40,59"
426890,"40,59"
561102,"84,87"
426968,"332,10"
426043,"33,21"
425558,"31,98"
425565,"23,37"
426425,"23,37"
426432,"29,52"
426449,"23,37"
426456,"50,43"
425619,"34,44"
425664,"23,37"
425626,"41,82"
425688,"25,83"
425657,"68,88"
425633,"44,28"
425671,"35,67"
425695,"35,67"
566435,"13,09"
427170,"29,52"
426494,"31,98"
426074,"97,17"
426098,"23,37"
426210,"23,37"
426197,"23,37"
426067,"97,17"
426081,"23,37"
426609,"13,53"
425701,"9,84"
425800,"13,53"
426500,"11,07"
426708,"11,07"
425503,"12,30"
425602,"13,53"
426906,"17,22"
426777,"23,37"
426623,"31,98"
426760,"23,37"
426616,"29,52"
426647,"61,50"
426227,"17,22"
426258,"11,07"
426234,"11,07"
426265,"29,52"
426241,"11,07"
426807,"11,07"
426791,"23,37"
426784,"23,37"
561201,"170,97"
975305,"3688,77"
843598,"4918,77"
210031,"1966,77"
210048,"2089,77"
210086,"2458,77"
210918,"4303,77"
210000,"2458,77"
210925,"6210,27"
210017,"3688,77"
210932,"10084,77"
210949,"17587,77"
570012,"45,51"
570104,"49,20"
570159,"736,77"
210215,"2089,77"
210222,"2458,77"
210246,"3787,17"
970294,"2089,77"
222805,"712,17"
210956,"20908,77"
597958,"67,65"
1010370,"254,61"
1010375,"630,99"
1010363,"630,99"
1010364,"630,99"
1010362,"643,29"
1010590,"643,29"
1010592,"643,29"
596777,"41,82"
695708,"195,57"
271520,"539,97"
271599,"2089,77"
810989,"195,57"
810965,"134,07"
593356,"41,82"
961117,"97,17"
961124,"47,97"
560365,"81,18"
621325,"28,29"
621332,"35,67"
621295,"25,83"
621301,"30,75"
621318,"23,37"
63391,"9,84"
76102,"6,52"
76104,"8,98"
76105,"10,70"
36140,"88,56"
18316,"118,08"
560327,"115,62"
225806,"6394,77"
239780,"982,77"
239551,"687,57"
239209,"404,67"
239391,"490,77"
239421,"1105,77"
239230,"490,77"
239698,"1597,77"
239322,"2335,77"
239346,"4672,77"
239711,"1351,77"
281352,"1966,77"
280058,"3012,27"
280065,"3012,27"
280034,"4180,77"
280041,"3688,77"
280133,"9838,77"
280140,"9100,77"
280089,"10945,77"
280072,"11437,77"
281710,"835,17"
281444,"2089,77"
281369,"4857,27"
281376,"4918,77"
225936,"8485,77"
226223,"5902,77"
226230,"7132,77"
226247,"10207,77"
225707,"7686,27"
227589,"7378,77"
225882,"9838,77"
227381,"5779,77"
226094,"9592,77"
225899,"11437,77"
237687,"12298,77"
596982,"27,06"
596975,"39,36"
551998,"121,77"
1180080,"261,99"
1050980,"6649,38"
1051000,"10613,67"
1050834,"12654,24"
1050853,"14694,81"
1050832,"10239,75"
1050850,"10975,29"
807019,"84,87"
802083,"195,57"
802038,"87,33"
802021,"116,85"
802045,"88,56"
802052,"81,18"
807026,"57,81"
807033,"54,12"
807057,"57,81"
807071,"56,58"
807002,"146,37"
566480,"17,22"
566206,"163,59"
273906,"613,77"
919200,"70,11"
273869,"442,80"
273876,"429,27"
273883,"349,32"
273890,"350,55"
273852,"343,17"
273845,"408,36"
273913,"662,97"
273838,"859,77"
272404,"1597,77"
272602,"1228,77"
272701,"1105,77"
270158,"244,77"
270165,"293,97"
270172,"330,87"
270080,"539,97"
270097,"367,77"
270141,"527,67"
270066,"453,87"
270196,"343,17"
567616,"4,92"
567630,"6,15"
567654,"8,61"
518700,"28,29"
810460,"109,47"
48024,"14,27"
513705,"47,97"
513712,"72,57"
513736,"35,67"
513743,"84,87"
513750,"97,17"
820209,"31,98"
820308,"44,28"
820407,"54,12"
250143,"39,36"
808153,"30,75"
808108,"24,60"
233924,"4057,77"
233931,"6025,77"
233795,"6370,17"
237564,"6763,77"
237595,"7378,77"
237588,"4303,77"
237557,"4918,77"
943434,"872,07"
209080,"6148,77"
233900,"2335,77"
226568,"2458,77"
233917,"3442,77"
235829,"3688,77"
235836,"4918,77"
811191,"306,27"
617779,"423,12"
617786,"485,85"
617861,"137,76"
617854,"648,21"
617878,"821,64"
617809,"769,98"
617823,"984,00"
617830,"704,79"
617847,"918,81"
618141,"908,97"
618158,"933,57"
618165,"1056,57"
618172,"1105,77"
617724,"109,47"
617113,"227,55"
617120,"271,83"
617816,"91,02"
618028,"121,77"
617137,"287,82"
617144,"356,70"
617151,"205,41"
617182,"258,30"
617168,"227,55"
617199,"227,55"
618134,"675,27"
617793,"264,45"
618035,"91,02"
618042,"97,17"
618059,"121,77"
618066,"183,27"
618073,"170,97"
618080,"207,87"
618097,"195,57"
618103,"244,77"
617175,"220,17"
618196,"195,57"
617694,"281,67"
617212,"134,07"
617236,"195,57"
856215,"35,67"
29810405,"44,28"
29810415,"61,50"
523919,"183,27"
856208,"44,28"
855799,"29,52"
29810407,"61,50"
29810413,"44,28"
523957,"43,05"
271797,"9838,77"
785324,"54,12"
441503,"14,76"
593097,"14,76"
596968,"17,22"
596586,"33,21"
596579,"33,21"
596562,"33,21"
596555,"47,97"
640104,"33,21"
640401,"60,27"
640500,"66,42"
640609,"72,57"
640708,"84,87"
640807,"97,17"
640203,"47,97"
640913,"127,92"
640920,"150,06"
529201,"31,98"
528105,"19,68"
528204,"24,60"
529041,"35,67"
541104,"31,98"
541203,"34,44"
541302,"44,28"
541500,"66,42"
529300,"34,44"
564103,"13,53"
564400,"15,99"
564158,"12,30"
564202,"11,07"
564455,"19,68"
526309,"22,14"
542507,"52,89"
855539,"47,97"
855492,"41,82"
563007,"25,83"
563106,"34,44"
563205,"52,89"
525005,"22,14"
566596,"18,45"
566534,"18,45"
659700,"46,74"
659809,"63,96"
229835,"121,77"
221280,"232,47"
221297,"244,77"
222614,"134,07"
222676,"281,67"
664223,"47,97"
664278,"47,97"
664216,"47,97"
664209,"47,97"
664292,"47,97"
664339,"47,97"
664285,"47,97"
274231,"2458,77"
201619,"9088,47"
1050769,"20480,73"
630402,"847,47"
630419,"60,27"
224847,"958,17"
226414,"933,57"
226407,"441,57"
224830,"174,66"
210864,"736,77"
975671,"1536,27"
976159,"847,47"
843468,"97,17"
843451,"97,17"
843499,"97,17"
224403,"1007,37"
224410,"29,52"
598047,"27,06"
597965,"41,82"
597972,"60,27"
597989,"27,06"
899991,"102,09"
513842,"195,57"
513835,"207,87"
208649,"60,27"
208670,"47,97"
677018,"78,72"
677834,"62,73"
677810,"79,95"
677827,"84,87"
805411,"248,46"
805404,"248,46"
805428,"248,46"
805435,"248,46"
805381,"248,46"
805350,"248,46"
805374,"248,46"
805398,"248,46"
805817,"248,46"
805848,"248,46"
805794,"248,46"
805800,"248,46"
805633,"437,88"
805572,"437,88"
805619,"437,88"
805657,"437,88"
805640,"437,88"
805596,"437,88"
805664,"437,88"
805626,"437,88"
805770,"248,46"
805763,"248,46"
805725,"248,46"
805718,"248,46"
805749,"248,46"
805695,"248,46"
805688,"248,46"
805480,"248,46"
805473,"248,46"
805527,"248,46"
805565,"248,46"
805510,"248,46"
805442,"248,46"
805466,"248,46"
805459,"248,46"
805886,"248,46"
805947,"248,46"
805893,"248,46"
805909,"248,46"
596715,"19,68"
596722,"19,68"
593332,"35,67"
596654,"18,45"
596494,"47,97"
596487,"84,87"
596920,"13,53"
596630,"18,45"
596647,"18,45"
567104,"8,61"
567203,"18,45"
567302,"27,06"
567401,"34,44"
567500,"47,97"
516102,"68,88"
516201,"97,17"
516300,"161,13"
567821,"20,91"
567838,"24,60"
567845,"29,52"
567852,"46,74"
567814,"14,76"
226483,"12790,77"
226360,"11437,77"
222911,"8854,77"
222928,"9838,77"
222935,"10146,27"
222867,"6714,57"
222874,"7747,77"
222898,"10699,77"
961131,"47,97"
520611,"116,85"
520628,"141,45"
520604,"109,47"
73011,"7,38"
282670,"958,17"
282687,"1130,37"
282168,"1007,37"
282281,"1228,77"
222836,"3688,77"
222843,"4918,77"
226292,"12237,27"
226261,"6025,77"
222829,"3073,77"
222140,"830,25"
221198,"1105,77"
221327,"1154,97"
221341,"1388,67"
221334,"1265,67"
224373,"1782,27"
934012,"158,67"
224328,"1277,97"
224335,"2028,27"
224397,"2372,67"
224380,"2901,57"
224052,"2913,87"
224359,"2453,85"
3030618,"1211,55"
3030625,"1547,34"
3030634,"2632,20"
3030672,"2258,28"
3030676,"3432,93"
3030684,"2632,20"
3030691,"4104,51"
3030717,"3846,21"
3030718,"4104,51"
221419,"453,87"
224014,"2212,77"
221181,"453,87"
3030506,"42617,04"
557891,"36,90"
557990,"40,59"
593165,"186,96"
425992,"114,39"
471500,"293,97"
471524,"109,47"
513804,"2827,77"
513811,"3934,77"
774649,"13,65"
784389,"44,28"
784334,"41,82"
784327,"60,27"
786239,"51,66"
560266,"79,95"
400029,"36,90"
561706,"13,53"
561713,"12,30"
561720,"11,07"
565643,"17,22"
565650,"27,06"
561492,"6,15"
783153,"11,07"
783160,"14,76"
783177,"23,37"
783627,"14,76"
784372,"44,28"
784433,"56,58"
564561,"30,75"
328514,"195,57"
784426,"47,97"
565605,"49,20"
565612,"46,74"
784365,"47,97"
774663,"17,47"
784419,"41,82"
784396,"59,04"
566275,"88,56"
505373,"306,27"
505366,"392,37"
517109,"11,07"
517208,"15,99"
517307,"22,14"
517406,"27,06"
517604,"30,75"
622858,"63,96"
622810,"40,59"
622827,"47,97"
622834,"55,35"
622841,"59,04"
621288,"33,21"
530108,"11,07"
530207,"19,68"
530306,"20,91"
530405,"30,75"
530504,"43,05"
530603,"47,97"
530702,"55,35"
567562,"84,87"
567579,"109,47"
561560,"27,06"
561577,"56,58"
561584,"109,47"
566176,"77,49"
799475,"46,74"
799482,"60,27"
786765,"7,63"
798805,"54,12"
799383,"41,82"
799390,"18,45"
784778,"11,07"
784761,"17,22"
784754,"33,21"
784747,"60,27"
784730,"124,23"
787267,"12,42"
73609,"10,33"
505335,"55,35"
505342,"72,57"
505359,"109,47"
564585,"17,22"
564578,"9,84"
564592,"23,37"
561447,"59,04"
785560,"44,28"
785577,"76,26"
505311,"72,57"
505328,"109,47"
207451,"3196,77"
979983,"1105,77"
469620,"35,67"
469644,"35,67"
469668,"47,97"
469767,"35,67"
469781,"47,97"
469804,"55,35"
469828,"72,57"
469576,"47,97"
469569,"60,27"
469552,"84,87"
469545,"121,77"
469682,"35,67"
469705,"47,97"
469729,"47,97"
469743,"60,27"
469637,"35,67"
469651,"35,67"
469675,"47,97"
469613,"47,97"
469606,"60,27"
469590,"84,87"
469583,"121,77"
469774,"35,67"
469798,"47,97"
469811,"55,35"
469835,"72,57"
469699,"35,67"
469712,"47,97"
469736,"47,97"
469750,"60,27"
297421,"66,42"
297438,"63,96"
297445,"92,25"
297452,"121,77"
297469,"39,36"
297476,"51,66"
297414,"41,82"
596739,"15,99"
596944,"13,53"
596951,"13,53"
235034,"24192,87"
235041,"28788,15"
232606,"12456,21"
235027,"17368,83"
239506,"318,57"
239605,"576,87"
696064,"613,77"
588208,"19,68"
588215,"44,28"
586907,"92,25"
588406,"22,14"
621202,"28,29"
621219,"34,44"
232965,"2458,77"
232972,"2704,77"
232989,"3073,77"
232996,"3319,77"
233948,"2458,77"
233955,"3073,77"
233986,"3688,77"
233993,"3442,77"
233979,"3073,77"
232903,"2335,77"
232910,"2704,77"
232927,"3073,77"
877548,"54,12"
877531,"54,12"
877524,"52,89"
877517,"52,89"
877500,"54,12"
877302,"35,67"
282137,"736,77"
282144,"859,77"
282151,"1228,77"
282571,"736,77"
282588,"859,77"
282090,"982,77"
282083,"2950,77"
839997,"29,52"
212028,"1167,27"
599440,"14,76"
599457,"11,07"
599464,"44,28"
599488,"44,28"
599471,"44,28"
599402,"22,14"
599419,"29,52"
599426,"29,52"
599433,"22,14"
599372,"36,90"
599327,"33,21"
590140,"9,84"
599334,"38,13"
1050210,"8560,80"
809921,"650,67"
809952,"146,37"
281208,"1474,77"
281253,"773,67"
267226,"2827,77"
843307,"110,70"
975770,"367,77"
856314,"60,27"
781401,"35,67"
856307,"41,82"
856284,"55,35"
841020,"20,91"
841129,"15,99"
841105,"15,99"
841112,"15,99"
856253,"39,36"
841136,"17,22"
842003,"68,88"
844274,"185,73"
856062,"34,44"
856031,"33,21"
856000,"43,05"
856024,"30,75"
856017,"30,75"
856192,"41,82"
856048,"22,14"
765357,"8,73"
843000,"31,98"
843109,"39,36"
844281,"145,14"
844298,"134,07"
843888,"84,87"
843895,"95,94"
781333,"52,89"
843055,"30,75"
843154,"34,44"
553404,"25,83"
855751,"31,98"
855553,"87,33"
855560,"103,32"
855546,"79,95"
856185,"35,67"
844434,"28,29"
844267,"103,32"
842522,"25,83"
842539,"25,83"
842546,"25,83"
842553,"27,06"
781371,"45,51"
843321,"91,02"
293125,"79,95"
225900,"183,27"
226000,"220,17"
781388,"34,44"
267264,"1523,97"
842928,"47,97"
842966,"51,66"
843956,"150,06"
840344,"31,98"
841297,"20,79"
840351,"31,98"
841303,"22,02"
840368,"35,67"
841310,"23,86"
840375,"41,82"
841327,"34,44"
841334,"33,21"
840245,"23,62"
840252,"24,48"
840276,"30,75"
840382,"44,28"
856246,"44,28"
842423,"29,52"
781340,"55,35"
2000004,"2258,28"
856055,"31,98"
781395,"34,44"
844236,"89,79"
841570,"16,61"
841587,"16,61"
843802,"46,74"
841532,"16,61"
841549,"16,61"
841556,"16,61"
841563,"16,61"
842454,"14,76"
290025,"46,74"
135000,"27,06"
188200,"14,76"
188400,"14,76"
225700,"134,07"
280104,"54,12"
281004,"65,19"
280204,"65,19"
842461,"14,76"
188500,"14,76"
188600,"15,99"
842447,"14,76"
188300,"14,76"
280004,"54,12"
188510,"15,99"
188610,"15,99"
844441,"30,75"
843994,"82,41"
781913,"38,13"
781920,"15,99"
135700,"54,12"
226400,"215,25"
282104,"98,40"
282204,"121,77"
283704,"202,95"
841594,"16,61"
841600,"16,61"
225600,"134,07"
856413,"121,77"
188700,"17,22"
844366,"88,56"
844359,"60,27"
292625,"92,25"
292725,"107,01"
292825,"125,46"
855768,"28,29"
188000,"15,99"
781449,"35,67"
781456,"65,19"
372000,"170,97"
372300,"215,25"
841099,"30,75"
841143,"25,83"
841082,"45,51"
843819,"16,36"
781043,"104,55"
781036,"105,78"
371500,"27,06"
372500,"41,82"
372700,"45,51"
371800,"29,52"
225800,"141,45"
374800,"41,82"
372400,"29,52"
740009,"12,30"
373300,"31,98"
841426,"93,48"
841433,"108,24"
840832,"43,05"
842904,"46,74"
844328,"204,18"
843918,"99,63"
781326,"54,12"
840825,"33,21"
840146,"24,60"
840184,"43,05"
840177,"55,35"
840399,"45,51"
840405,"52,89"
294225,"68,88"
294425,"70,11"
294025,"73,80"
294125,"75,03"
294525,"71,34"
226200,"195,57"
226500,"183,27"
291325,"84,87"
856239,"39,36"
843826,"47,97"
290125,"55,35"
135200,"27,06"
281104,"66,42"
24010106,"63,96"
210406,"47,97"
210444,"47,97"
210482,"47,97"
282359,"60,27"
282076,"84,87"
267240,"793,35"
267257,"1364,07"
229330,"2827,77"
2053058,"927,42"
2053935,"1845,00"
2059750,"927,42"
842676,"24,60"
845097,"158,67"
845028,"170,97"
845035,"121,77"
845127,"220,17"
845059,"158,67"
845042,"170,97"
842607,"24,60"
842706,"29,52"
781319,"62,73"
781357,"52,89"
840191,"77,49"
842669,"24,60"
842799,"29,52"
842621,"24,60"
842720,"29,52"
842638,"24,60"
842737,"29,52"
842645,"24,60"
842744,"29,52"
842775,"29,52"
842652,"24,60"
842614,"24,60"
842751,"29,52"
842713,"29,52"
844212,"158,67"
844205,"183,27"
844250,"127,92"
841358,"40,59"
841365,"43,05"
841372,"45,51"
840474,"41,82"
840436,"50,43"
840443,"50,43"
840467,"65,19"
840313,"86,10"
843833,"70,11"
843857,"78,72"
843864,"84,87"
290425,"62,73"
290525,"62,73"
135300,"51,66"
224900,"170,97"
281704,"92,25"
281204,"76,26"
281304,"84,87"
281404,"95,94"
281504,"104,55"
841419,"76,26"
2053063,"849,93"
2059752,"927,42"
73078,"5,29"
844427,"33,21"
844410,"38,13"
842409,"25,83"
842478,"29,52"
844304,"143,91"
844311,"134,07"
292925,"72,57"
293025,"75,03"
291525,"76,26"
294625,"76,26"
291625,"78,72"
294725,"79,95"
294825,"82,41"
291725,"81,18"
291825,"109,47"
291925,"121,77"
292425,"146,37"
282904,"116,85"
283004,"121,77"
283104,"141,45"
283204,"172,20"
283304,"215,25"
292525,"146,37"
135500,"79,95"
226900,"190,65"
226600,"232,47"
286004,"158,67"
842485,"14,76"
188800,"17,22"
843949,"124,23"
290725,"97,17"
290925,"119,31"
290825,"109,47"
280601,"147,60"
292025,"83,64"
292125,"97,17"
292225,"104,55"
292325,"116,85"
135800,"55,35"
225000,"220,17"
225100,"244,77"
225200,"318,57"
225300,"330,87"
280304,"67,65"
280404,"97,17"
280504,"104,55"
280604,"129,15"
280704,"170,97"
280804,"207,87"
292115,"104,55"
292215,"113,16"
975800,"490,77"
975732,"564,57"
975749,"613,77"
975756,"859,77"
842270,"22,14"
842171,"22,14"
842317,"23,37"
842256,"19,68"
842355,"22,14"
842201,"18,45"
842218,"20,91"
134900,"47,97"
842102,"20,91"
841617,"16,61"
842492,"14,76"
841624,"16,61"
842129,"10,09"
842119,"18,45"
842089,"10,09"
842096,"10,09"
841631,"16,61"
2053091,"998,76"
2053930,"1934,79"
2059748,"927,42"
840993,"20,42"
856406,"23,37"
229224,"7624,77"
226810,"10633,35"
226841,"5164,77"
226834,"9272,97"
1000650,"11724,36"
1000660,"13609,95"
1000630,"21565,59"
229217,"6886,77"
229200,"6517,77"
841501,"25,83"
841518,"25,83"
841525,"25,83"
841471,"25,83"
841488,"25,83"
841495,"25,83"
856178,"23,37"
841228,"12,30"
841235,"19,68"
147207,"394,83"
900862,"94,71"
814444,"94,71"
814451,"146,37"
814468,"146,37"
813829,"72,57"
813157,"72,57"
813836,"72,57"
813164,"72,57"
814420,"109,47"
814437,"109,47"
814390,"97,17"
814406,"97,17"
814369,"84,87"
814376,"84,87"
814383,"55,35"
88808,"71,34"
88809,"70,11"
806197,"103,32"
806296,"89,79"
806395,"56,58"
806494,"63,96"
806593,"56,58"
806692,"44,28"
868522,"38,13"
868546,"23,37"
868577,"9,84"
868553,"14,76"
208335,"84,87"
208342,"109,47"
208618,"184,50"
208380,"183,27"
976692,"92,25"
229286,"2458,77"
229293,"2581,77"
229309,"2704,77"
229316,"2827,77"
26500029,"148,83"
570906,"51,66"
223048,"15988,77"
223055,"2089,77"
2059760,"2089,77"
264300,"1966,77"
264126,"1597,77"
264409,"2212,77"
264331,"3073,77"
264119,"1351,77"
425787,"61,50"
425770,"47,97"
427064,"107,01"
427057,"102,09"
427040,"108,24"
664315,"76,26"
570951,"130,38"
781418,"35,67"
844403,"194,34"
820612,"60,27"
820605,"60,27"
820643,"859,77"
820001,"109,47"
597200,"19,68"
596807,"15,99"
596746,"12,30"
597323,"47,97"
597316,"34,44"
596883,"17,22"
643914,"47,97"
596388,"17,22"
596371,"30,75"
596661,"13,53"
856116,"50,43"
856161,"49,20"
690000,"490,77"
201640,"1105,77"
975350,"515,37"
975398,"4426,77"
975374,"1843,77"
975336,"2077,47"
201626,"613,77"
975251,"4918,77"
975268,"5287,77"
975275,"6025,77"
970362,"2458,77"
201428,"5164,77"
201435,"5410,77"
201442,"8977,77"
1141080,"12602,58"
1140628,"15431,58"
1140636,"19525,02"
1140650,"42746,19"
1140651,"42952,83"
1140662,"44929,44"
1140663,"44929,44"
1140680,"55183,95"
1140681,"55183,95"
1140682,"55752,21"
1140696,"64959,99"
1140697,"64959,99"
1140698,"65476,59"
1141142,"28410,54"
1140890,"57314,31"
1140732,"17691,09"
1140774,"22598,79"
1141102,"30089,49"
1140820,"44709,27"
1140814,"44709,27"
1140848,"47059,80"
1140838,"47059,80"
1141033,"100941,18"
1141053,"121915,14"
1140896,"57882,57"
1140948,"66936,60"
1140958,"67362,18"
1140938,"66936,60"
297384,"1843,77"
66530,"10,95"
193693,"177,12"
193686,"177,12"
198209,"183,27"
198223,"84,87"
678107,"134,07"
678114,"121,77"
678121,"78,72"
678138,"78,72"
678176,"158,67"
678220,"103,32"
678206,"135,30"
678237,"72,57"
678213,"121,77"
678183,"134,07"
850220,"108,24"
194546,"236,16"
194539,"132,84"
194357,"33,21"
195109,"15,99"
195505,"73,80"
195604,"121,77"
190029,"130,38"
629802,"257,07"
627983,"134,07"
627679,"113,16"
627686,"158,67"
629413,"269,37"
628805,"87,33"
627976,"121,77"
622100,"68,88"
622308,"100,86"
622407,"220,17"
622605,"490,77"
627716,"232,47"
622704,"38,13"
622711,"39,36"
622728,"41,82"
622735,"47,97"
622742,"54,12"
627914,"60,27"
627921,"66,42"
627938,"72,57"
627945,"78,72"
627952,"84,87"
627969,"97,17"
933404,"103,32"
154656,"429,27"
154618,"1228,77"
154601,"859,77"
629505,"269,37"
629154,"220,17"
629253,"269,37"
629345,"306,27"
239773,"478,47"
838501,"97,17"
838600,"121,77"
838617,"146,37"
607046,"191,88"
835401,"170,97"
835500,"220,17"
835609,"244,77"
629604,"306,27"
629109,"195,57"
629208,"220,17"
629307,"244,77"
629352,"355,47"
629390,"404,67"
835432,"121,77"
835531,"134,07"
835630,"183,27"
607060,"318,57"
628706,"147,60"
628638,"109,47"
628614,"147,60"
628621,"172,20"
626504,"564,57"
627747,"204,18"
627730,"170,97"
839003,"293,97"
621103,"134,07"
621110,"159,90"
621127,"186,96"
621134,"220,17"
621158,"243,54"
629932,"269,37"
629925,"416,97"
629369,"109,47"
629949,"269,37"
629314,"60,27"
629321,"72,57"
629338,"84,87"
628003,"72,57"
628010,"84,87"
628027,"97,17"
628034,"109,47"
628041,"121,77"
628058,"134,07"
627617,"105,78"
627624,"141,45"
627631,"180,81"
627648,"227,55"
627655,"287,82"
627600,"89,79"
627662,"135,30"
429914,"170,97"
480519,"195,57"
480502,"51,66"
561775,"249,69"
566589,"212,79"
566527,"257,07"
566572,"206,64"
523827,"281,67"
523834,"25,83"
680117,"12,30"
680100,"23,37"
515228,"23,37"
515327,"35,67"
515358,"18,45"
515365,"23,37"
515389,"33,21"
515396,"51,66"
680018,"31,98"
680025,"24,60"
680032,"19,68"
680049,"17,22"
680087,"25,83"
680094,"19,68"
680148,"12,30"
680155,"17,22"
680131,"36,90"
680179,"23,37"
680162,"17,22"
680124,"22,14"
680216,"41,82"
680193,"25,83"
680056,"33,21"
680063,"24,60"
680070,"19,68"
680186,"25,83"
225479,"6886,77"
226674,"3565,77"
226698,"6800,67"
227121,"797,04"
226933,"8854,77"
226995,"12175,77"
220399,"16603,77"
220412,"21892,77"
220320,"13222,50"
220276,"12667,77"
220436,"19494,27"
227251,"6886,77"
227268,"11437,77"
227350,"16972,77"
227305,"17784,57"
226759,"9469,77"
220290,"1597,77"
201046,"7132,77"
224786,"19791,35"
219010,"70723,77"
219003,"89296,77"
281260,"27058,77"
223123,"15496,77"
225929,"7009,77"
224823,"1474,77"
227060,"2483,37"
227077,"2852,37"
220429,"16296,27"
220443,"21031,77"
238486,"1843,77"
226940,"5127,87"
226957,"8362,77"
226971,"9838,77"
220306,"736,77"
220283,"2175,87"
782101,"94,71"
782439,"7,13"
461167,"44,28"
461266,"44,28"
777916,"10,21"
630235,"20,91"
630204,"23,37"
230107,"1720,77"
512142,"19,68"
512159,"22,14"
512203,"12,30"
512210,"17,22"
512104,"17,22"
512302,"20,91"
512135,"14,76"
400098,"921,27"
282502,"10576,77"
551806,"367,77"
551813,"275,52"
199640,"527,67"
199992,"170,97"
709801,"306,27"
850213,"52,89"
802007,"255,84"
755181,"1715,85"
755174,"1966,77"
237236,"15,13"
976678,"59,04"
976661,"39,36"
808825,"490,77"
561416,"83,09"
203156,"2175,87"
203163,"2840,07"
203125,"1610,07"
203149,"1769,97"
203170,"2372,67"
220207,"12913,77"
154960,"1843,77"
154946,"1536,27"
154953,"1474,77"
932001,"306,27"
154922,"945,87"
154939,"1228,77"
209509,"921,27"
239384,"662,97"
423660,"18,45"
274149,"2827,77"
274125,"2335,77"
282779,"1105,77"
240502,"773,67"
265000,"1351,77"
201725,"1105,77"
201718,"613,77"
558126,"2212,77"
250174,"2458,77"
250167,"1843,77"
472507,"195,57"
470442,"785,97"
470428,"785,97"
470411,"785,97"
470435,"785,97"
204832,"528,90"
204900,"736,77"
204825,"490,77"
470619,"183,27"
238837,"712,17"
470244,"704,79"
475904,"195,57"
471005,"355,47"
472613,"380,07"
470206,"675,27"
470251,"720,78"
470213,"864,69"
475201,"170,97"
470268,"523,98"
470220,"678,96"
470275,"581,79"
470237,"704,79"
471050,"490,77"
470282,"640,83"
470305,"736,77"
470312,"675,27"
268704,"1843,77"
268735,"1966,77"
268506,"1290,27"
268605,"1597,77"
463000,"183,27"
463109,"220,17"
999903,"150,06"
709900,"60,27"
597927,"36,90"
597910,"36,90"
597897,"36,90"
597880,"36,90"
597941,"36,90"
597934,"36,90"
664179,"7,38"
664162,"9,84"
664155,"15,99"
678152,"220,17"
678145,"220,17"
826300,"66,42"
219515,"1597,77"
224625,"955,71"
224632,"949,56"
224649,"872,07"
224816,"1474,77"
227107,"1228,77"
224557,"829,02"
222768,"709,71"
224564,"1597,77"
224595,"892,98"
224588,"1782,27"
226797,"1228,77"
223659,"2274,27"
226803,"642,06"
810484,"170,97"
1050063,"1986,45"
812044,"659,28"
210963,"6456,27"
999397,"1494,45"
999425,"977,85"
223468,"1437,87"
999909,"870,07"
222690,"718,32"
227152,"1228,77"
227213,"805,65"
227220,"827,79"
224267,"937,26"
227169,"1228,77"
227183,"836,40"
224618,"686,34"
227145,"1290,27"
237823,"0,00"
237830,"0,00"
220795,"1843,77"
224434,"1290,27"
227206,"1228,77"
229521,"1782,27"
229545,"868,38"
229538,"1843,77"
224670,"1031,97"
224441,"1351,77"
224458,"840,09"
237977,"1660,50"
223505,"1184,49"
223512,"829,02"
230930,"859,77"
231050,"798,27"
230923,"921,27"
505670,"675,27"
2009250,"3610,05"
222980,"736,77"
513828,"220,17"
665251,"97,17"
722107,"41,82"
239414,"1056,57"
808627,"121,77"
808634,"134,07"
805534,"220,17"
805541,"207,87"
805558,"183,27"
552131,"121,77"
552018,"91,02"
552025,"97,17"
552100,"141,45"
552032,"97,17"
594704,"367,77"
594742,"78,72"
594759,"170,97"
880999,"97,17"
77412,"7,75"
77425,"8,24"
816042,"59,04"
816059,"72,57"
816097,"27,06"
816165,"34,44"
816172,"47,97"
816073,"16,24"
816080,"19,07"
890257,"244,77"
890240,"244,77"
890233,"257,07"
890356,"220,17"
890349,"244,77"
802229,"204,18"
802212,"319,80"
802205,"343,17"
802236,"153,75"
802243,"121,77"
802168,"109,47"
800157,"88,56"
800140,"75,03"
800126,"38,13"
800119,"34,44"
817155,"162,36"
817148,"137,76"
880050,"76,26"
880067,"59,04"
880074,"54,12"
880036,"52,89"
806104,"72,57"
806111,"78,72"
806128,"83,64"
806135,"102,09"
806142,"153,75"
806159,"167,28"
807118,"89,79"
807125,"102,09"
807132,"109,47"
801246,"131,61"
801239,"131,61"
801222,"189,42"
801215,"238,62"
801208,"269,37"
801253,"115,62"
862285,"88,56"
803202,"346,86"
862209,"81,18"
862223,"105,78"
862216,"116,85"
880005,"72,57"
880012,"55,35"
880029,"50,43"
861233,"60,27"
861226,"78,72"
861219,"97,17"
861202,"121,77"
800133,"52,89"
800102,"31,98"
802427,"109,47"
802434,"84,87"
802441,"76,26"
800331,"34,44"
800324,"23,37"
800317,"20,91"
800300,"17,22"
817353,"107,01"
817346,"89,79"
880159,"43,05"
880166,"35,67"
880173,"31,98"
806302,"38,13"
806319,"44,28"
806326,"51,66"
806333,"63,96"
806340,"97,17"
806357,"115,62"
807323,"59,04"
807330,"92,25"
801437,"88,56"
801420,"104,55"
801413,"147,60"
801406,"198,03"
801444,"71,34"
801451,"62,73"
862476,"52,89"
862483,"41,82"
803400,"249,69"
862421,"45,51"
862438,"43,05"
862414,"63,96"
862407,"84,87"
869376,"62,73"
869383,"63,96"
880104,"39,36"
880111,"35,67"
880128,"24,60"
861431,"35,67"
861424,"39,36"
861417,"47,97"
861400,"60,27"
800355,"60,27"
800348,"47,97"
802502,"183,27"
802519,"146,37"
802540,"60,27"
802526,"97,17"
802533,"73,80"
800447,"39,36"
800430,"27,06"
800423,"18,45"
800416,"18,45"
800409,"15,99"
817452,"89,79"
817445,"76,26"
880258,"38,13"
880265,"31,98"
880272,"27,06"
880289,"24,60"
806401,"35,67"
806418,"38,13"
806425,"44,28"
806432,"51,66"
806449,"76,26"
806456,"89,79"
801536,"68,88"
801529,"91,02"
801512,"120,54"
801505,"157,44"
801550,"52,89"
801543,"61,50"
862568,"51,66"
862575,"38,13"
862582,"33,21"
803509,"230,01"
862513,"49,20"
862520,"38,13"
862537,"33,21"
862506,"56,58"
869475,"52,89"
880203,"31,98"
880210,"25,83"
880227,"22,14"
861530,"29,52"
861523,"35,67"
861516,"39,36"
861509,"47,97"
800454,"47,97"
800539,"25,83"
800522,"17,22"
880357,"31,98"
880364,"27,06"
880371,"22,14"
880388,"19,68"
806524,"44,28"
806531,"44,28"
806548,"70,11"
806555,"89,79"
801635,"63,96"
801628,"81,18"
801611,"104,55"
801604,"121,77"
801642,"59,04"
801659,"51,66"
862674,"29,52"
862681,"24,60"
803608,"212,79"
862629,"33,21"
862636,"25,83"
862612,"39,36"
869574,"39,36"
869581,"33,21"
880302,"24,60"
880319,"20,91"
880326,"17,22"
861639,"23,37"
861622,"23,37"
861615,"31,98"
861608,"36,90"
800546,"35,67"
800553,"40,59"
800652,"38,13"
800645,"27,06"
800638,"18,45"
800621,"13,53"
880456,"24,60"
880463,"22,14"
880470,"18,45"
880487,"17,22"
806623,"31,98"
806630,"39,36"
806647,"51,66"
806654,"70,11"
801734,"47,97"
801727,"60,27"
801710,"93,48"
801703,"152,52"
862766,"34,44"
862773,"24,60"
862780,"19,68"
803707,"159,90"
862711,"31,98"
862728,"24,60"
862735,"20,91"
862704,"36,90"
880401,"22,14"
880418,"17,22"
880425,"12,30"
861738,"14,76"
861721,"19,68"
861714,"29,52"
861707,"31,98"
800737,"15,99"
800720,"11,07"
880555,"17,22"
880562,"12,30"
806722,"22,14"
806739,"39,36"
801833,"49,20"
801826,"73,80"
862827,"17,22"
869772,"18,45"
869789,"15,38"
880524,"14,76"
861837,"11,07"
861820,"13,53"
801109,"478,47"
801116,"404,67"
801123,"301,35"
801130,"269,37"
801147,"237,39"
801154,"236,16"
802328,"146,37"
802335,"103,32"
802342,"97,17"
800249,"70,11"
800232,"44,28"
800225,"31,98"
800218,"27,06"
817254,"135,30"
817247,"114,39"
806203,"59,04"
806210,"63,96"
806227,"63,96"
806234,"91,02"
806241,"121,77"
806258,"167,28"
807224,"89,79"
801345,"84,87"
801338,"103,32"
801321,"126,69"
801314,"183,27"
801307,"205,41"
801352,"82,41"
803301,"307,50"
801666,"158,67"
801840,"198,03"
801857,"108,24"
801864,"95,94"
801871,"78,72"
566763,"56,58"
566770,"66,42"
566794,"77,49"
662675,"60,01"
783009,"367,77"
783016,"158,67"
783023,"97,17"
880906,"49,20"
880913,"56,58"
880920,"66,42"
880975,"91,02"
870785,"146,37"
568804,"110,70"
508107,"91,02"
508206,"103,32"
568101,"46,74"
568408,"57,81"
568200,"86,10"
568309,"121,77"
568507,"81,18"
552001,"59,04"
440506,"183,27"
815649,"54,12"
691151,"334,56"
691168,"548,58"
470527,"35,67"
552407,"207,87"
871102,"47,97"
552353,"60,27"
552360,"66,42"
552308,"60,27"
552315,"60,27"
552483,"23,37"
464809,"8,61"
809716,"257,07"
470190,"95,94"
870907,"23,37"
870914,"30,75"
870921,"41,82"
870938,"47,97"
870945,"60,27"
870952,"82,41"
870969,"107,01"
75434,"4,80"
815632,"32,47"
707067,"60,27"
707074,"72,57"
707999,"1228,77"
707661,"736,77"
707043,"97,17"
707050,"109,47"
877814,"1548,57"
877852,"970,47"
707906,"121,77"
707968,"207,87"
878019,"1351,77"
707685,"1474,77"
878033,"921,27"
707098,"121,77"
707142,"170,97"
707135,"146,37"
707975,"220,17"
877883,"2458,77"
707746,"134,07"
707944,"318,57"
707951,"281,67"
707982,"367,77"
707425,"146,37"
707579,"47,97"
707586,"66,42"
707593,"115,62"
707432,"195,57"
707456,"214,02"
425978,"77,49"
505274,"257,07"
861196,"218,94"
203545,"116,85"
203521,"116,85"
203538,"116,85"
558102,"1228,77"
7132,"125,46"
7131,"143,91"
24941,"50,89"
144923,"84,87"
144909,"134,07"
79160,"12,42"
75913,"7,87"
76290,"3,57"
76294,"7,87"
877791,"72,57"
691410,"93,48"
691045,"107,01"
74800,"1,72"
76195,"3,32"
6517,"20,91"
268551,"343,17"
880982,"66,42"
75401,"5,66"
862902,"56,58"
862926,"31,98"
862933,"25,83"
862940,"24,60"
862957,"18,45"
282755,"478,47"
516713,"60,27"
516690,"57,81"
516737,"72,57"
877180,"70,11"
426289,"121,77"
427538,"195,57"
427507,"134,07"
866009,"281,67"
639214,"41,82"
639221,"54,12"
268575,"140,22"
268582,"157,44"
268599,"183,27"
268629,"215,25"
268711,"424,35"
268742,"490,77"
268568,"104,55"
268612,"380,07"
691434,"153,75"
691069,"238,62"
427415,"124,23"
558157,"1105,77"
558140,"982,77"
558133,"921,27"
427408,"204,18"
691427,"146,37"
691052,"178,35"
691144,"22,88"
691175,"24,60"
806913,"76,26"
806920,"59,04"
806937,"51,66"
806944,"44,28"
806951,"39,36"
806968,"27,06"
806975,"24,60"
804100,"111,93"
804117,"75,03"
804124,"68,88"
804131,"52,89"
804148,"45,51"
804155,"40,59"
804162,"31,98"
804179,"77,49"
714120,"77,49"
714140,"50,43"
805107,"118,08"
805114,"79,95"
805121,"72,57"
805138,"60,27"
805145,"51,66"
805152,"45,51"
802076,"34,44"
807088,"27,06"
1180067,"539,97"
870976,"11,07"
870983,"14,76"
870990,"18,45"
999143,"12,79"
864203,"97,17"
864227,"95,94"
864210,"72,57"
864234,"72,57"
800850,"8,00"
817810,"61,50"
817827,"68,88"
817834,"47,97"
817841,"33,21"
806814,"41,82"
806821,"31,98"
806838,"23,37"
806845,"14,76"
806852,"13,53"
806869,"12,30"
806876,"9,84"
862919,"57,81"
862964,"31,98"
862971,"25,83"
862988,"24,60"
862995,"18,45"
805206,"52,89"
805213,"41,82"
805275,"40,59"
805220,"36,90"
805244,"28,29"
805251,"25,83"
880609,"29,52"
880616,"19,68"
880623,"13,53"
880630,"9,84"
880647,"8,61"
880654,"8,61"
881804,"70,11"
881811,"50,43"
881828,"38,13"
881835,"29,52"
881842,"25,83"
881859,"24,60"
864104,"51,66"
864128,"35,67"
864135,"23,37"
864142,"17,22"
864159,"15,99"
864166,"9,84"
864098,"134,07"
802601,"281,67"
802618,"207,87"
802625,"207,87"
802632,"158,67"
802649,"134,07"
802656,"121,77"
804315,"191,88"
804322,"174,66"
804339,"138,99"
804346,"114,39"
804209,"115,62"
804216,"88,56"
804223,"78,72"
804230,"63,96"
804247,"56,58"
804254,"47,97"
880968,"39,36"
943472,"233,70"
881705,"31,98"
881712,"19,68"
881729,"17,22"
881736,"12,30"
881743,"11,07"
881750,"9,84"
1180062,"359,16"
1180063,"359,16"
830093,"12,42"
830499,"20,54"
830895,"51,66"
805235,"29,52"
805238,"24,38"
805234,"23,00"
715230,"84,87"
715140,"61,50"
715160,"52,89"
236666,"3688,77"
596760,"50,43"
999829,"15,62"
998489,"10,46"
440803,"12,30"
440858,"17,22"
440902,"23,37"
440872,"11,07"
440865,"17,22"
440230,"33,21"
440223,"662,97"
440117,"29,52"
440216,"441,57"
440209,"29,52"
440407,"8,61"
440490,"23,37"
569757,"43,05"
440001,"7,38"
440605,"17,22"
440100,"11,07"
755303,"257,07"
755310,"244,77"
759301,"79,95"
755570,"207,87"
755686,"388,68"
755693,"392,37"
755556,"207,87"
755655,"269,37"
755679,"269,37"
755563,"207,87"
663950,"59,04"
663998,"36,22"
801888,"91,02"
816493,"367,77"
816486,"367,77"
816509,"429,27"
816516,"490,77"
811771,"615,00"
811726,"724,47"
811733,"798,27"
811740,"785,97"
811719,"306,27"
811788,"367,77"
811795,"392,37"
811801,"429,27"
816592,"896,67"
404003,"18,45"
404102,"25,83"
404201,"30,75"
404300,"35,67"
404409,"45,51"
404508,"51,66"
404607,"65,19"
785904,"25,83"
735107,"10,74"
784006,"24,60"
784013,"35,67"
784020,"60,27"
787847,"91,02"
794388,"34,12"
404942,"14,61"
799277,"43,05"
799284,"46,74"
799437,"68,88"
799444,"93,48"
799291,"129,15"
780091,"29,52"
794296,"19,07"
794197,"28,29"
784105,"17,22"
784112,"35,67"
784129,"65,19"
561508,"83,64"
561515,"147,60"
775912,"6,15"
629383,"84,87"
282113,"982,77"
513026,"47,97"
513033,"97,17"
570715,"45,51"
856123,"50,43"
856260,"47,97"
515181,"47,97"
975145,"47,97"
231388,"293,97"
975039,"33,21"
699317,"466,17"
975053,"220,17"
975046,"392,37"
979761,"45,51"
975008,"30,75"
975022,"109,47"
975015,"195,57"
979754,"60,27"
272428,"1105,77"
26500055,"222,63"
976685,"59,04"
810323,"269,37"
1010366,"565,80"
1010361,"565,80"
637852,"41,82"
529058,"35,67"
529065,"38,13"
529072,"41,82"
529089,"41,82"
529096,"47,97"
570937,"11,81"
229972,"810,57"
975510,"337,02"
975503,"333,33"
230114,"330,87"
975329,"1339,47"
975312,"3184,47"
976234,"490,77"
976227,"613,77"
976210,"650,67"
976005,"244,77"
976302,"484,62"
976197,"589,17"
976043,"318,57"
975992,"626,07"
975978,"687,57"
976203,"601,47"
976289,"503,07"
1050122,"2682,63"
970638,"121,77"
2059762,"1560,87"
53496,"24,60"
34741,"84,87"
441107,"22,14"
199794,"244,77"
199237,"29,52"
199183,"29,52"
199213,"29,52"
199244,"29,52"
199787,"35,67"
199190,"29,52"
199268,"29,52"
199220,"29,52"
199251,"29,52"
856154,"30,75"
617021,"276,75"
617007,"15,99"
618127,"121,77"
617038,"276,75"
617014,"36,90"
689875,"138,99"
689882,"141,45"
707012,"54,12"
707029,"91,02"
400036,"59,04"
400043,"68,88"
400050,"88,56"
400067,"91,02"
400012,"51,66"
222225,"478,47"
222232,"547,35"
222249,"564,57"
222256,"681,42"
224342,"859,77"
222164,"547,35"
222263,"596,55"
3030613,"424,35"
3030624,"501,84"
3030638,"617,46"
3030641,"1147,59"
3030653,"720,78"
3030655,"785,97"
3030657,"849,93"
3030670,"1076,25"
3030685,"849,93"
3030856,"1793,34"
512241,"47,97"
512258,"60,27"
512265,"60,27"
512272,"60,27"
512289,"66,42"
512296,"66,42"
512340,"57,81"
512357,"63,96"
512364,"63,96"
512371,"63,96"
512388,"71,34"
512395,"71,34"
512449,"123,00"
512401,"154,98"
512418,"113,16"
512425,"168,51"
512432,"123,00"
512456,"166,05"
812990,"416,97"
812501,"1105,77"
812518,"1351,77"
812525,"1474,77"
812532,"1597,77"
812549,"1597,77"
812556,"1474,77"
812563,"1843,77"
812259,"453,87"
812273,"1228,77"
812280,"19,68"
812266,"1290,27"
813041,"1720,77"
812204,"404,67"
201633,"1474,77"
1020061,"1999,98"
556641,"71,34"
556672,"206,64"
556665,"206,64"
556634,"109,47"
556610,"72,57"
556658,"134,07"
556689,"184,50"
556627,"109,47"
556603,"47,97"
571033,"2,34"
148822,"1966,77"
221693,"6837,57"
515143,"141,45"
515112,"99,63"
515099,"89,79"
515037,"49,20"
515136,"111,93"
515068,"28,29"
515129,"146,37"
515075,"36,90"
613108,"111,93"
830352,"72,57"
830376,"97,17"
838105,"72,57"
838204,"97,17"
838303,"121,77"
839300,"72,57"
839409,"84,87"
607015,"87,33"
607022,"102,09"
607039,"127,92"
830055,"84,87"
830253,"121,77"
830048,"72,57"
830154,"97,17"
833032,"114,39"
564509,"18,45"
564523,"17,22"
564530,"27,06"
564547,"14,76"
564554,"34,44"
226070,"10207,77"
226087,"11806,77"
226063,"8793,27"
509470,"14,76"
509418,"27,06"
509425,"29,52"
509432,"29,52"
509449,"38,13"
509456,"41,82"
509463,"49,20"
511718,"23,37"
511725,"25,83"
511732,"25,83"
511749,"29,52"
511756,"36,90"
532003,"23,37"
532102,"27,06"
532201,"24,60"
532300,"29,52"
509005,"27,06"
509104,"33,21"
509203,"36,90"
509302,"39,36"
509401,"50,43"
510001,"23,37"
510209,"28,29"
510407,"35,67"
510100,"23,37"
510308,"31,98"
511503,"35,67"
511701,"41,82"
2509553,"642,06"
856109,"45,51"
801956,"86,10"
801994,"183,27"
801970,"109,47"
801963,"127,92"
801925,"134,07"
808726,"357,93"
808832,"416,97"
594032,"45,51"
145777,"546,38"
939949,"84,87"
939956,"148,83"
801949,"140,22"
801901,"111,93"
801932,"109,47"
801918,"152,52"
932018,"269,37"
264607,"2581,77"
264706,"2827,77"
10021,"13,65"
452714,"23,37"
452325,"27,06"
50061,"118,08"
43315,"11,07"
232187,"19678,77"
232491,"30748,77"
237731,"7993,77"
232170,"11068,77"
232194,"17218,77"
226858,"399,75"
975718,"1536,27"
975725,"1966,77"
979945,"3073,77"
72328,"7,13"
72330,"8,00"
428511,"39,36"
427156,"52,89"
427163,"51,66"
428528,"45,51"
596890,"29,52"
596432,"84,87"
596425,"97,17"
596999,"60,27"
593042,"25,83"
593066,"12,30"
596678,"33,21"
596418,"67,65"
596401,"67,65"
596395,"67,65"
593004,"70,11"
593035,"52,89"
221617,"921,27"
221600,"921,27"
221648,"921,27"
221624,"921,27"
221655,"921,27"
221631,"921,27"
593318,"150,06"
593301,"66,42"
617502,"11,07"
617526,"13,53"
617533,"14,76"
617540,"15,99"
617557,"17,22"
617564,"20,91"
617571,"24,60"
617588,"30,75"
617595,"54,12"
617519,"12,30"
617465,"23,37"
617458,"18,45"
617472,"28,29"
559260,"83,64"
559277,"83,64"
559284,"84,87"
559291,"103,32"
559307,"17,22"
596685,"11,07"
596463,"25,83"
596456,"30,75"
596753,"22,14"
596531,"25,83"
596524,"38,13"
593370,"17,10"
638170,"15,99"
638163,"8,61"
638118,"9,84"
596449,"30,75"
638132,"11,07"
638149,"14,76"
638101,"14,76"
570807,"15,99"
210413,"84,87"
210420,"84,87"
210451,"84,87"
210468,"84,87"
210499,"97,17"
210505,"97,17"
282267,"134,07"
282250,"116,85"
282243,"116,85"
282236,"116,85"
282229,"116,85"
282052,"207,87"
282045,"158,67"
282038,"146,37"
282021,"146,37"
282014,"146,37"
2051051,"127,92"
635612,"59,04"
4032401,"1366,53"
4032403,"1366,53"
4032389,"1366,53"
647509,"56,58"
647516,"49,20"
647554,"121,77"
647561,"137,76"
547304,"66,42"
547502,"91,02"
567555,"158,67"
646601,"60,27"
515501,"230,01"
637791,"47,97"
637814,"54,12"
637821,"103,32"
637838,"103,32"
637845,"109,47"
637807,"56,58"
639313,"72,57"
639320,"94,71"
630006,"146,37"
630808,"212,79"
646205,"49,20"
646304,"54,12"
639238,"84,87"
639245,"11,07"
639252,"84,87"
639269,"97,17"
639276,"121,77"
639009,"84,87"
639016,"121,77"
639023,"146,37"
635001,"12,30"
635155,"14,76"
635209,"17,22"
635308,"19,68"
635407,"24,60"
635605,"29,52"
637104,"24,60"
637203,"31,98"
637302,"36,90"
637401,"43,05"
637500,"49,20"
637609,"57,81"
638309,"20,91"
638507,"25,83"
638705,"35,67"
638903,"56,58"
855645,"35,67"
513880,"72,57"
680223,"47,97"
554197,"15,38"
554173,"36,90"
554234,"31,98"
554203,"36,90"
554210,"36,90"
554227,"28,29"
554142,"36,90"
554159,"15,99"
554135,"16,85"
554128,"15,74"
554111,"15,25"
554364,"14,14"
554166,"14,14"
554432,"14,14"
554258,"2,46"
554265,"2,46"
554272,"4,92"
855201,"47,97"
855218,"25,83"
664148,"84,87"
777930,"9,04"
810422,"201,72"
5410000,"3097,14"
221105,"4057,77"
782095,"95,94"
630136,"60,27"
630105,"54,12"
227367,"638,37"
432006,"14,76"
432105,"20,91"
432143,"12,30"
432129,"29,52"
432136,"35,67"
786437,"35,67"
782088,"10,21"
782408,"18,25"
770931,"12,30"
797969,"47,97"
770917,"7,38"
770979,"9,84"
794227,"3,20"
786741,"4,67"
22712,"73,80"
208687,"84,87"
281215,"1474,77"
281246,"1093,47"
561966,"49,20"
561973,"73,80"
561980,"60,27"
598719,"72,57"
552155,"40,59"
630914,"39,36"
630938,"29,52"
810507,"269,37"
593905,"84,87"
593608,"306,27"
429419,"94,71"
429440,"30,75"
429457,"57,81"
595305,"39,36"
598818,"72,57"
826201,"66,42"
825693,"47,97"
665503,"41,82"
665510,"49,20"
426814,"23,37"
426821,"29,52"
810361,"306,27"
499948,"1597,77"
425466,"30,75"
425473,"140,22"
280690,"97,17"
1010204,"281,67"
630907,"23,37"
755730,"62,73"
755754,"153,75"
639207,"72,57"
691021,"826,56"
810958,"306,27"
236222,"4180,77"
236239,"6849,87"
236161,"3565,77"
236178,"5902,77"
236246,"3934,77"
236185,"4918,77"
236192,"7132,77"
236154,"8116,77"
236130,"3565,77"
236147,"5656,77"
236215,"6640,77"
810910,"478,47"
810927,"367,77"
810897,"466,17"
810934,"318,57"
810941,"1179,57"
810996,"798,27"
810347,"281,67"
816196,"798,27"
817056,"736,77"
817063,"773,67"
817070,"859,77"
817087,"859,77"
816189,"982,77"
815830,"1351,77"
817094,"896,67"
817100,"982,77"
817162,"1044,27"
817179,"1105,77"
817544,"0,00"
817551,"0,00"
817537,"0,00"
233436,"8116,77"
232842,"10699,77"
232033,"9715,77"
233344,"6025,77"
233382,"7108,17"
232040,"6640,77"
232057,"7624,77"
233764,"9838,77"
236208,"4057,77"
815793,"1597,77"
233351,"6148,77"
233399,"8608,77"
232064,"8116,77"
232699,"9100,77"
812686,"1105,77"
812693,"1228,77"
817186,"773,67"
817193,"859,77"
817209,"884,37"
817216,"921,27"
812723,"1413,27"
812730,"1474,77"
812747,"1536,27"
812716,"1351,77"
815748,"991,87"
817285,"1167,27"
817223,"982,77"
817261,"982,77"
817278,"1105,77"
817513,"0,00"
817520,"0,00"
817506,"0,00"
811658,"2335,77"
811641,"2089,77"
811665,"2704,77"
811672,"2704,77"
811689,"2950,77"
811276,"896,67"
811283,"982,77"
811290,"1044,27"
810705,"1413,27"
810712,"1474,77"
810729,"1474,77"
810736,"1597,77"
810743,"1720,77"
811511,"1105,77"
811528,"1228,77"
811535,"1351,77"
811542,"1474,77"
811559,"1597,77"
811238,"736,77"
811245,"859,77"
811252,"982,77"
811269,"1105,77"
811450,"1105,77"
811467,"1142,67"
811474,"1228,77"
811481,"1351,77"
811498,"1597,77"
811504,"1659,27"
812754,"1597,77"
237656,"1659,27"
231760,"1843,77"
231784,"1843,77"
813485,"2704,77"
811825,"1597,77"
811832,"1720,77"
813294,"1413,27"
813423,"2212,77"
813430,"2397,27"
812860,"1966,77"
812853,"1843,77"
811009,"1720,77"
811023,"1720,77"
816707,"1474,77"
816714,"1597,77"
811580,"1966,77"
815007,"2212,77"
811887,"2089,77"
813690,"3319,77"
811573,"1720,77"
812877,"1474,77"
812945,"1843,77"
812938,"1843,77"
812884,"1843,77"
811856,"1413,27"
812495,"1597,77"
811917,"2292,72"
811924,"2292,72"
231777,"2335,77"
231791,"2335,77"
812648,"1720,77"
811849,"1290,27"
816752,"1228,77"
816769,"1290,27"
816776,"1290,27"
816783,"1351,77"
816790,"1351,77"
812631,"1720,77"
811863,"1597,77"
811870,"1720,77"
816806,"1351,77"
816998,"1474,77"
817001,"1474,77"
817018,"1597,77"
817025,"1597,77"
817049,"1720,77"
817032,"1966,77"
237519,"2089,77"
237526,"2089,77"
813492,"2151,27"
813539,"2274,27"
813522,"2335,77"
813546,"2335,77"
221808,"613,77"
229064,"798,27"
229026,"1351,77"
229033,"859,77"
1370043,"24406,89"
1370048,"41067,24"
588376,"232,47"
589007,"84,87"
588031,"170,97"
588017,"367,77"
588024,"429,27"
589205,"109,47"
975862,"207,87"
975886,"207,87"
975855,"207,87"
975879,"207,87"
975893,"207,87"
588369,"207,87"
588420,"207,87"
588598,"232,47"
588574,"367,77"
233108,"6394,77"
233122,"8977,77"
237809,"9838,77"
232729,"5533,77"
232736,"8362,77"
232118,"6763,77"
232125,"10207,77"
236673,"6640,77"
236697,"10084,77"
233146,"11929,77"
233153,"13897,77"
221433,"14758,77"
204962,"15988,77"
221426,"11683,77"
233115,"7993,77"
237816,"11191,77"
233139,"10207,77"
232514,"6591,57"
232132,"7809,27"
232149,"11068,77"
236680,"7686,27"
236703,"11068,77"
812402,"4918,77"
811108,"5656,77"
811634,"4918,77"
811207,"1597,77"
811214,"1720,77"
814185,"1720,77"
814154,"1413,27"
814178,"1597,77"
236000,"2581,77"
236024,"4549,77"
236048,"5164,77"
236062,"2827,77"
236086,"4918,77"
236109,"6025,77"
236017,"3098,37"
236031,"5164,77"
236055,"6333,27"
236079,"3196,77"
236093,"5533,77"
236116,"6517,77"
231852,"4180,77"
231807,"3811,77"
1050940,"6093,42"
1050962,"10045,41"
222652,"404,67"
1050700,"7359,09"
1050701,"7359,09"
1050719,"11789,55"
1050721,"11789,55"
1050796,"16697,25"
1050784,"14281,53"
208724,"44,28"
525630,"146,37"
525593,"158,67"
525692,"93,48"
525418,"14,76"
525517,"29,52"
525555,"41,82"
525548,"24,60"
525562,"19,68"
525425,"24,60"
525432,"39,36"
525524,"25,83"
525531,"25,83"
525647,"423,12"
525654,"118,08"
525685,"244,77"
525661,"376,38"
525678,"109,47"
696002,"56,58"
696040,"60,27"
171608,"22,14"
171622,"18,45"
171615,"23,37"
523018,"20,91"
523629,"23,37"
403754,"19,68"
523520,"15,99"
403747,"23,37"
523315,"15,99"
171400,"12,30"
171509,"18,45"
171028,"35,67"
171127,"41,82"
171837,"11,07"
171844,"11,07"
171875,"11,07"
171882,"11,07"
171899,"11,07"
171929,"11,07"
171936,"15,99"
171721,"15,99"
171783,"15,99"
171738,"15,99"
171745,"15,99"
171790,"15,99"
523216,"15,99"
171349,"41,82"
171752,"11,07"
657607,"17,22"
171851,"15,99"
657621,"15,99"
524008,"35,67"
171301,"35,67"
171318,"36,90"
171325,"38,13"
171707,"12,30"
171806,"14,76"
171905,"23,37"
777695,"47,98"
60024,"33,21"
61697,"44,28"
776230,"2,46"
49357,"11,07"
79698,"65,19"
775677,"4,18"
776285,"3,58"
61698,"11,07"
559208,"23,37"
559222,"50,43"
559239,"38,13"
559246,"9,84"
559253,"14,76"
855119,"25,83"
855713,"33,21"
855584,"84,87"
659502,"66,42"
855652,"63,96"
855669,"45,51"
855676,"35,67"
525142,"12,30"
855737,"43,05"
855690,"33,21"
855706,"27,06"
855744,"50,43"
526118,"17,22"
523902,"25,83"
755808,"35,67"
755815,"35,67"
755822,"35,67"
755839,"35,67"
855614,"118,08"
855577,"157,44"
855638,"72,57"
855591,"94,71"
658000,"24,60"
565360,"33,21"
525197,"29,52"
525159,"8,61"
513859,"453,87"
659601,"63,96"
855720,"34,44"
855683,"41,82"
855775,"29,52"
855782,"41,82"
855508,"35,67"
855607,"39,36"
529409,"33,21"
526101,"22,14"
840863,"14,51"
840900,"24,11"
840924,"23,62"
840931,"24,60"
840917,"22,63"
542200,"56,58"
840948,"30,75"
513729,"27,06"
170120,"25,83"
170328,"36,90"
170045,"35,67"
768112,"27,06"
765111,"23,86"
764039,"21,40"
764022,"21,40"
764015,"25,09"
764084,"16,24"
764091,"29,52"
764077,"24,60"
563908,"19,68"
564004,"20,91"
764206,"29,52"
764213,"22,14"
764220,"22,14"
764237,"36,90"
764244,"36,90"
764251,"29,52"
764268,"22,14"
764404,"51,66"
764411,"29,52"
764428,"29,52"
764435,"44,28"
764442,"29,52"
764459,"29,52"
764466,"44,28"
764473,"44,28"
764480,"44,28"
764497,"40,59"
764503,"29,52"
764510,"44,28"
764527,"59,04"
764138,"29,52"
562000,"13,53"
562017,"17,22"
562079,"31,98"
521205,"17,22"
521304,"19,68"
521403,"24,60"
521502,"29,52"
521809,"91,02"
521601,"40,59"
521410,"22,14"
521434,"27,06"
642559,"73,80"
642566,"50,43"
642504,"109,47"
642603,"121,77"
208694,"392,37"
232071,"1843,77"
556719,"66,42"
440704,"60,27"
440711,"51,66"
421574,"54,12"
934159,"47,97"
934166,"47,97"
270028,"195,57"
935286,"84,87"
270240,"91,02"
976654,"13,53"
976647,"244,77"
976630,"36,90"
231265,"60,27"
664070,"41,82"
664025,"41,82"
664032,"60,27"
664049,"109,47"
664001,"269,37"
664018,"490,77"
664100,"490,77"
664117,"367,77"
664131,"60,27"
664124,"35,67"
663639,"14,76"
663660,"12,30"
663714,"28,29"
663523,"8,61"
663530,"9,84"
663462,"12,30"
664308,"17,22"
663608,"4,18"
663783,"3,44"
663820,"38,13"
663615,"14,76"
663646,"14,76"
663622,"13,53"
663653,"14,76"
663806,"41,82"
663790,"14,76"
663844,"66,42"
663851,"66,42"
663868,"76,26"
663875,"76,26"
663882,"76,26"
663899,"76,26"
664056,"35,67"
664063,"60,27"
664087,"54,12"
147801,"1290,27"
147276,"1536,27"
147108,"3110,67"
237670,"3688,77"
808740,"281,67"
808757,"416,97"
507865,"56,58"
507933,"38,13"
507568,"31,98"
507964,"35,67"
507216,"68,88"
507117,"71,34"
507018,"95,94"
507469,"63,96"
507025,"63,96"
523841,"75,03"
480205,"34,44"
480403,"60,27"
436103,"113,16"
410110,"60,27"
566930,"83,64"
785546,"27,06"
785553,"62,73"
424186,"576,87"
424193,"146,37"
424155,"158,67"
808542,"158,67"
808535,"115,62"
808528,"91,02"
808511,"78,72"
808504,"60,27"
808573,"121,77"
808566,"84,87"
808467,"55,35"
808559,"73,80"
508800,"47,97"
508817,"38,13"
508824,"28,29"
508657,"36,90"
508619,"60,27"
508626,"61,50"
508718,"18,45"
508725,"25,83"
508732,"25,83"
508794,"68,88"
507711,"72,57"
507773,"115,62"
507766,"97,17"
508831,"183,27"
400203,"19,68"
508879,"66,42"
508862,"66,42"
507971,"47,97"
508008,"47,97"
508015,"47,97"
508022,"47,97"
508787,"121,77"
405000,"20,91"
405208,"28,29"
405307,"30,75"
809181,"225,09"
508916,"40,59"
508947,"72,57"
878101,"43,05"
878606,"39,36"
878408,"40,59"
878118,"28,29"
878125,"23,37"
878132,"27,06"
878149,"30,75"
408308,"49,20"
407400,"92,25"
569009,"50,43"
569016,"47,97"
569108,"47,97"
569207,"71,34"
407202,"30,75"
878552,"8,61"
878583,"20,91"
878590,"20,91"
878545,"20,91"
878538,"20,91"
878569,"20,91"
878576,"20,91"
561607,"123,00"
566008,"98,40"
566015,"73,80"
566022,"49,20"
566046,"36,90"
566053,"86,10"
79044,"100,86"
480106,"68,88"
876619,"39,36"
876602,"29,52"
809150,"287,82"
809242,"140,22"
809259,"109,47"
802274,"95,94"
802250,"146,37"
807804,"111,93"
629130,"146,37"
566114,"64,13"
566220,"47,97"
807705,"118,08"
424001,"232,47"
980101,"54,12"
427514,"158,67"
203569,"72,57"
203576,"121,77"
203583,"109,47"
203590,"183,27"
203552,"146,37"
878903,"13,53"
878910,"13,53"
878927,"13,53"
878934,"13,53"
878941,"13,53"
878958,"13,53"
878804,"18,45"
878811,"18,45"
878828,"18,45"
878835,"18,45"
878842,"18,45"
878859,"18,45"
878729,"12,30"
878712,"12,30"
878705,"12,30"
878743,"12,30"
878750,"12,30"
878736,"12,30"
878156,"56,58"
878170,"56,58"
878163,"56,58"
878187,"56,58"
871829,"54,12"
219744,"158,67"
808337,"170,97"
808351,"170,97"
808344,"207,87"
595206,"73,80"
211298,"49,20"
771341,"57,81"
49138,"65,19"
770948,"31,98"
769904,"40,59"
778920,"61,50"
769935,"61,50"
769928,"40,59"
991779,"147,60"
991780,"88,56"
768792,"35,67"
777855,"38,13"
768785,"39,36"
769911,"40,59"
778906,"35,67"
778913,"40,59"
768815,"31,98"
768761,"35,67"
778937,"40,59"
768778,"35,67"
778944,"40,59"
774830,"24,60"
774847,"33,21"
774892,"40,59"
774885,"33,21"
774878,"33,21"
774854,"33,21"
774861,"33,21"
768235,"31,98"
768259,"31,98"
768242,"31,98"
768808,"35,67"
786499,"59,04"
790502,"6,89"
787830,"18,57"
770863,"15,99"
991784,"95,94"
621240,"29,52"
621257,"33,21"
621264,"36,90"
621271,"36,90"
783559,"28,29"
991782,"95,94"
991781,"95,94"
770849,"12,30"
770856,"14,76"
770870,"17,22"
770887,"22,14"
770894,"34,44"
794050,"17,22"
794067,"20,91"
794074,"20,91"
794081,"27,06"
794098,"54,12"
794166,"6,92"
794180,"12,30"
621226,"23,37"
621233,"30,75"
768730,"30,75"
768747,"33,21"
768754,"47,97"
208731,"97,17"
208625,"109,47"
208632,"121,77"
280621,"441,57"
280614,"100,86"
234754,"608,85"
234761,"564,57"
1010355,"630,99"
1010350,"630,99"
234730,"712,17"
234747,"712,17"
280096,"453,87"
280102,"453,87"
280126,"453,87"
280201,"453,87"
280218,"453,87"
280225,"453,87"
1010215,"565,80"
1010220,"565,80"
1010406,"565,80"
1010252,"630,99"
1010247,"630,99"
1010403,"565,80"
1010404,"565,80"
1010224,"565,80"
235737,"57,81"
235744,"57,81"
235751,"57,81"
1010410,"565,80"
1010411,"630,99"
1010227,"565,80"
1010409,"565,80"
1010295,"630,99"
1010300,"630,99"
1010408,"630,99"
1010546,"410,82"
280423,"608,85"
1010205,"785,97"
235799,"132,84"
1010210,"785,97"
235805,"120,54"
1010405,"849,93"
1010556,"565,80"
999305,"178,35"
999307,"113,16"
999309,"193,11"
1010318,"436,65"
1010320,"436,65"
1010315,"436,65"
1010324,"436,65"
1010326,"436,65"
280294,"424,35"
280300,"424,35"
280416,"424,35"
280317,"424,35"
235768,"45,51"
235775,"45,51"
235782,"45,51"
1010530,"436,65"
1010532,"436,65"
1010536,"436,65"
1010538,"436,65"
1010540,"436,65"
1010570,"501,84"
1010572,"501,84"
1010574,"501,84"
1010500,"359,16"
1010502,"359,16"
1010504,"359,16"
1010506,"359,16"
1010322,"436,65"
1010328,"436,65"
234303,"223,86"
234310,"223,86"
234150,"172,20"
234167,"185,73"
234174,"172,20"
234181,"172,20"
234235,"212,79"
234471,"488,31"
443002,"43,05"
443026,"47,97"
443033,"29,52"
856222,"35,67"
856352,"75,03"
856369,"56,58"
856376,"56,58"
856321,"45,51"
856338,"44,28"
856345,"46,74"
844335,"220,17"
843932,"162,36"
287100,"412,05"
781302,"97,17"
282404,"166,05"
287900,"564,57"
270233,"158,67"
271148,"281,67"
271254,"429,27"
271209,"73,80"
271162,"88,56"
271230,"276,75"
271407,"355,47"
271308,"115,62"
271315,"72,57"
271247,"33,21"
271186,"23,37"
271124,"23,37"
271117,"15,99"
271261,"14,76"
271346,"88,56"
271339,"47,97"
271179,"29,52"
271216,"25,83"
425336,"244,77"
446522,"84,87"
446621,"84,87"
446720,"109,47"
446508,"84,87"
446607,"84,87"
446706,"109,47"
445815,"220,17"
445822,"232,47"
445839,"244,77"
448526,"97,17"
877869,"798,27"
877876,"908,97"
710104,"490,77"
710203,"712,17"
710302,"798,27"
710111,"552,27"
710210,"736,77"
710319,"1044,27"
710128,"613,77"
710135,"736,77"
710227,"736,77"
710234,"736,77"
710326,"1450,17"
710333,"1560,87"
593806,"71,34"
593189,"195,57"
593813,"28,29"
707470,"564,57"
707487,"687,57"
707494,"761,37"
707531,"773,67"
707517,"785,97"
707524,"798,27"
448908,"109,47"
445877,"404,67"
449608,"66,42"
582046,"50,43"
582039,"47,97"
582015,"54,12"
271155,"35,67"
582022,"66,42"
513002,"44,28"
513125,"71,34"
513118,"44,28"
513057,"71,34"
843383,"367,77"
843390,"613,77"
709771,"207,87"
709788,"220,17"
709795,"244,77"
700259,"207,87"
709818,"134,07"
709863,"244,77"
709849,"84,87"
856277,"151,29"
856383,"97,17"
856390,"244,77"
429211,"44,28"
429228,"52,89"
709825,"109,47"
709870,"97,17"
261163,"1044,27"
262214,"1191,87"
262801,"29,52"
261187,"367,77"
261309,"2212,77"
261354,"2212,77"
261200,"1966,77"
509487,"15,99"
693001,"120,54"
693100,"134,07"
693209,"172,20"
856147,"39,36"
693216,"110,70"
693223,"114,39"
693254,"89,79"
693261,"92,25"
1010359,"346,86"
632901,"84,87"
810309,"933,57"
810316,"1190,64"
811818,"464,94"
238899,"6394,77"
238844,"6886,77"
240403,"1105,77"
240441,"589,17"
240458,"736,77"
240410,"244,77"
282748,"1843,77"
282762,"1843,77"
226827,"2003,67"
282731,"1536,27"
222997,"1587,93"
225448,"2274,27"
225264,"1708,47"
1050752,"17652,96"
1050808,"19886,64"
1050900,"8070,03"
5170060,"217,71"
580462,"367,77"
580233,"166,05"
580455,"1290,27"
580417,"1167,27"
580011,"121,77"
580226,"134,07"
580363,"1167,27"
580370,"1167,27"
580387,"1167,27"
755761,"1019,67"
580332,"1843,77"
580028,"158,67"
580271,"1228,77"
580288,"1228,77"
580295,"1228,77"
580424,"1044,27"
580431,"1044,27"
580448,"1044,27"
515006,"158,67"
515020,"207,87"
515174,"232,47"
515167,"232,47"
515013,"220,17"
210390,"244,77"
210437,"330,87"
210475,"367,77"
282304,"404,67"
282069,"592,86"
933367,"503,07"
931257,"441,57"
226605,"5779,77"
226599,"3319,77"
226643,"6148,77"
220368,"6087,27"
535400,"35,67"
535417,"47,97"
535424,"60,27"
535103,"30,75"
535202,"39,36"
535301,"47,97"
535509,"195,57"
535516,"244,77"
535523,"343,17"
211427,"626,07"
211465,"810,57"
211533,"810,57"
211540,"810,57"
211410,"564,57"
211458,"650,67"
211519,"650,67"
211526,"650,67"
211403,"613,77"
211502,"859,77"
211168,"490,77"
211175,"613,77"
209905,"822,87"
209882,"490,77"
209899,"552,27"
240700,"552,27"
240601,"490,77"
240717,"649,44"
211137,"429,27"
211144,"564,57"
211151,"736,77"
434208,"158,67"
199541,"158,67"
516751,"67,65"
426364,"24,60"
426371,"35,67"
593158,"121,77"
425954,"61,50"
425909,"11,07"
425916,"19,68"
425923,"19,68"
425985,"23,37"
516744,"182,04"
593103,"60,27"
593202,"39,36"
594049,"60,27"
516706,"281,67"
516676,"170,97"
516683,"232,47"
516720,"306,27"
196007,"25,83"
516768,"70,11"
402221,"29,52"
403716,"60,27"
781364,"52,89"
526200,"19,68"
542705,"34,44"
290325,"67,65"
844229,"116,85"
781432,"31,98"
781050,"89,79"
374710,"88,56"
371600,"33,21"
372600,"43,05"
371900,"35,67"
374700,"54,12"
529102,"30,75"
766316,"5,17"
29810005,"79,95"
934029,"232,47"
596500,"158,67"
596517,"30,75"
617762,"1257,06"
550113,"284,13"
282200,"3934,77"
210802,"2581,77"
210819,"3172,17"
282274,"5902,77"
282199,"3332,07"
210772,"2704,77"
282007,"4569,45"
210789,"3565,77"
210765,"2089,77"
1000710,"10156,11"
222553,"490,77"
222560,"613,77"
233283,"13528,77"
233337,"9223,77"
233450,"11068,77"
233375,"12421,77"
233467,"14758,77"
233306,"9838,77"
233443,"11068,77"
233320,"11991,27"
233757,"3442,77"
233634,"2335,77"
233238,"2335,77"
233702,"3504,27"
233214,"3013,50"
233719,"3811,77"
233696,"5164,77"
233290,"4918,77"
233641,"2397,27"
233658,"2397,27"
233665,"2581,77"
233269,"2532,57"
233610,"2274,27"
233627,"2274,27"
233672,"3688,77"
233825,"3934,77"
233832,"11560,77"
233788,"4193,07"
274040,"3811,77"
233962,"2889,27"
233726,"2704,77"
233733,"3073,77"
233740,"2827,77"
273999,"1597,77"
273982,"1474,77"
233689,"5410,77"
233092,"1659,27"
871812,"527,67"
871805,"281,67"
871713,"367,77"
871706,"220,17"
871775,"330,87"
871768,"183,27"
1012446,"1413,27"
102828,"429,27"
102826,"613,77"
1002730,"429,27"
1002045,"921,27"
470909,"109,47"
947104,"343,17"
833506,"158,67"
114004,"17,59"
238080,"109,47"
238059,"35,67"
871324,"22,14"
871300,"8,61"
552490,"33,21"
871201,"7,38"
238066,"47,97"
238042,"60,27"
199039,"36,90"
947081,"183,27"
947067,"375,15"
199046,"27,06"
199008,"7,38"
239766,"1720,77"
239681,"1966,77"
627907,"244,77"
627990,"134,07"
809914,"306,27"
429006,"24,60"
429013,"25,83"
429020,"31,98"
429037,"31,98"
429044,"35,67"
429051,"35,67"
550120,"31,98"
550229,"36,90"
550328,"41,82"
550427,"46,74"
550526,"54,12"
550106,"35,67"
550304,"35,67"
550502,"45,51"
550205,"35,67"
550403,"39,36"
971369,"35,67"
971345,"43,05"
971376,"72,57"
971352,"84,87"
971383,"115,62"
970607,"23,37"
970386,"23,37"
970614,"43,05"
970393,"54,12"
970621,"71,34"
557105,"72,57"
557112,"60,27"
557303,"97,17"
971444,"39,36"
971451,"55,35"
971390,"47,97"
971406,"66,42"
971413,"127,92"
971420,"72,57"
971437,"91,02"
810354,"1509,21"
810002,"490,77"
810101,"576,87"
810224,"1474,77"
810200,"367,77"
810118,"859,77"
815656,"407,13"
810125,"982,77"
691441,"174,66"
691076,"244,77"
877821,"736,77"
878026,"736,77"
810651,"1044,27"
813287,"1044,27"
810583,"1228,77"
810613,"982,77"
810569,"1265,67"
810576,"2015,97"
813270,"970,47"
810668,"1093,47"
810606,"982,77"
811221,"1351,77"
877906,"2827,77"
878064,"3688,77"
816691,"1228,77"
237847,"0,00"
237854,"0,00"
811320,"1130,37"
877920,"859,77"
877913,"785,97"
877173,"367,77"
877807,"367,77"
691083,"613,77"
810514,"367,77"
877197,"613,77"
659205,"13,53"
659304,"23,37"
659403,"22,14"
659007,"40,59"
659106,"39,36"
659014,"20,91"
658604,"23,37"
658703,"47,97"
658802,"54,12"
658901,"97,17"
659458,"15,99"
659465,"23,37"
659472,"28,29"
596470,"121,77"
592076,"84,87"
592052,"35,67"
592045,"44,28"
592069,"68,88"
515105,"195,57"
695906,"343,17"
221044,"384,99"
221228,"1105,77"
221204,"970,47"
221099,"1892,97"
856079,"28,29"
856086,"33,21"
805589,"437,88"
148631,"2581,77"
148624,"2950,77"
233412,"3565,77"
198124,"46,74"
208205,"872,07"
211434,"576,87"
211441,"699,87"
211588,"835,17"
211489,"835,17"
211434,"576,87"
211472,"712,17"
211564,"712,17"
211571,"835,17"
211557,"712,17"
211106,"712,17"
211205,"859,77"
211304,"982,77"
208106,"798,27"
208007,"601,47"
211366,"1002,45"
224212,"103,32"
271322,"72,57"
222393,"1474,77"
230121,"859,77"
870792,"49,20"
229903,"60,27"
825686,"306,27"
856291,"211,56"
617748,"793,35"
596623,"195,57"
596616,"170,97"
596609,"195,57"
826676,"392,37"
29899169,"81,18"
979792,"293,97"
460245,"54,12"
460009,"21,73"
460108,"24,35"
465301,"23,37"
465349,"44,28"
465318,"30,75"
465325,"28,29"
465332,"39,36"
465356,"59,04"
786420,"47,97"
786413,"29,52"
465387,"11,07"
465363,"60,27"
1010390,"849,93"
850299,"170,97"
850305,"170,97"
237908,"207,87"
781029,"121,77"
189500,"59,04"
842010,"72,57"
1020070,"436,65"
2379015,"492,00"
1500222,"3442,77"
1500296,"4180,77"
230145,"306,27"
230138,"306,27"
400074,"269,37"
400081,"244,77"
795224,"158,67"
1010207,"1297,65"
29899160,"49,20"
558119,"2950,77"
238868,"736,77"
239889,"725,70"
517123,"613,77"
2059417,"346,86"
976722,"3442,77"
330005,"2458,77"
231210,"490,77"
231227,"589,17"
231234,"724,47"
230459,"1597,77"
230442,"1228,77"
552681,"97,17"
236574,"21769,77"
1303227,"19370,04"
231753,"9223,77"
230220,"6517,77"
230237,"6640,77"
230251,"7624,77"
230305,"6456,27"
233030,"6739,17"
233047,"7009,77"
233054,"7255,77"
230299,"5656,77"
233009,"6025,77"
233016,"5964,27"
233023,"5964,27"
230268,"7698,57"
1303107,"15495,54"
230312,"13651,77"
233061,"14512,77"
1303325,"30089,49"
231340,"16419,27"
512548,"45,51"
512555,"140,22"
512500,"179,58"
512517,"227,55"
512531,"249,69"
515044,"257,07"
515150,"343,17"
199329,"38,13"
199275,"38,13"
199305,"38,13"
199336,"38,13"
199282,"38,13"
199299,"38,13"
199350,"38,13"
199312,"38,13"
199343,"38,13"
199411,"38,13"
199367,"38,13"
199398,"38,13"
199428,"38,13"
199374,"38,13"
199381,"38,13"
199442,"38,13"
199404,"38,13"
199435,"38,13"
199695,"2,95"
199725,"3,20"
199732,"3,32"
199763,"2,83"
919217,"72,57"
